INSTITUTION,EFFDT,EFF_STATUS,ACAD_PROG,DESCR,DESCRSHORT,ACAD_CAREER,ACAD_GROUP
SISE,00:00.0,A,ACAAM,ASIS. DE CUID. AL ADUL. MAYOR,ACAAM,VIRT,EXTS
SISE,00:00.0,A,ACEDE,ACADEMIA ENTRENAMIENTO DELOSI,ACEDE,VIRT,EXTS
SISE,00:00.0,A,ACOEX,ASISTENTE DE COMERCIO EXTERIOR,ASICOMEXT,VIRT,EXTS
SISE,00:00.0,A,ADHYA,ADM DE RESTAURANTES Y AFINES,ADHYA,VIRT,EXTS
SISE,00:00.0,A,ADHYR,ADM. DE HOTELES Y RESTAURANTES,ADM. DE HO,PRGS,HOYAC
SISE,00:00.0,A,ADINE,ADM. Y DIREC. DE NEGOCIOS,ADMYDINE,EEST,GESTN
SISE,00:00.0,A,ADLE,C ADVANCED LEVEL,C ADVAN LE,CIDS,CIDIO
SISE,00:00.0,A,ADLEV,ADVANCED LEVEL INTENSIVO,ADVANLEVEL,CIDS,CIDIO
SISE,00:00.0,I,ADMBA,TEC. ADMINISTRACIÓN BANCARIA,T ADM BANC,EXTS,EXTS
SISE,00:00.0,A,ADMBF,ADM. BANCARIA Y FINANCIERA,ADM BF,PRGS,BANCA
SISE,00:00.0,A,ADMID,Administración Industrial,ADMID,CPEX,GESTN
SISE,00:00.0,A,ADMLO,GESTIÓN LOGÍSTICA,ADMLOG,PRGS,GESTN
SISE,00:00.0,A,ADMNE,ADMINISTRACION DE EMPRESAS,ADMEMPRE,PRGS,GESTN
SISE,00:00.0,A,ADMNI,ADM DE NEGOCIOS INTERN,ADMNI,PRGS,GESTN
SISE,00:00.0,I,ADNAE,ADM. Y DIR. NEG. - ADM. EMPR.,ADNEADEM,PRGS,GESTN
SISE,00:00.0,I,AEM1P,ASISTENCIA EN ENFERMERÍA M1 PR,ASIENM1,VIRT,EXTS
SISE,00:00.0,A,AEMPR,ASISTENCIA EN ENFERMERÍA PRES,ASIS ENF P,VIRT,EXTS
SISE,00:00.0,A,ANACR,ANALISTA DE CREDITOS,ANACREDITO,EXTS,EXTS
SISE,00:00.0,A,APRCH,APRENDE A IMPORTAR DE CHINA,APRCH,VIRT,EXTS
SISE,00:00.0,A,ASAMA,ASISTENCIA AL ADULTO MAYOR,ASIRADUMAY,VIRT,EXTS
SISE,00:00.0,A,ASEM1,ASISTENCIA EN ENFERMERÍA M1,ASI ENF M1,VIRT,EXTS
SISE,00:00.0,A,ASEM2,ASISTENCIA EN ENFERMERÍA M2,ASI ENF M2,VIRT,EXTS
SISE,00:00.0,A,ASENE,TEC. ASESOR NEGOCIOS,T ASES NEG,EXTS,TECN
SISE,00:00.0,A,ASENF,ASISTENTE DE ENFERMERÍA,ASIS. ENFE,VIRT,EXTS
SISE,00:00.0,A,ASIAD,ASISTENCIA ADMINISTRATIVA,ASISTADM,PRGS,GESTN
SISE,00:00.0,A,ASICO,ASISTENTE CONTABLE,ASISTCONTA,EXTS,EXTS
SISE,00:00.0,A,ASIGE,DIP ASISTENTE DE GERENCIA,D ASIS GER,EXTS,EXTS
SISE,00:00.0,A,ASISG,ASISTENTE DE GERENCIA,ASISTEGERE,EXTS,EXTS
SISE,00:00.0,A,ASISL,ASISTENTE LOGISTICA,ASISTLOGIS,EXTS,EXTS
SISE,00:00.0,A,ASISP,ASISTENTE DE PLANILLAS,ASISP,VIRT,EXTS
SISE,00:00.0,A,ASNEG,ASESOR DE NEGOCIOS,AS. NEG.,EXTS,EXTS
SISE,00:00.0,A,ASPLA,ASISTENTE DE PLANILLAS,ASPLANILLA,EXTS,EXTS
SISE,00:00.0,A,ASTCO,ASISTENTE CONTABLE,ASTCO,VIRT,EXTS
SISE,00:00.0,A,ASTGE,ASISTENTE DE GERENCIA,ASTGE,VIRT,EXTS
SISE,00:00.0,A,ASTLO,ASISTENTE DE LOGÍSTICA,ASTLO,VIRT,EXTS
SISE,00:00.0,I,ATHDI,ADM. DE TIENDAS Y HERR. DIGIT.,ATHDI,VIRT,EXTS
SISE,00:00.0,A,AUXEN,AUXILIAR DE ENFERMERÍA,AUXENFER,VIRT,EXTS
SISE,00:00.0,A,AVITC,APLICACIÓN DE VITAMINA C,AVITC,VIRT,EXTS
SISE,00:00.0,A,AYCOC,AYUDANTE DE COCINA,AYUDCOCI,VIRT,EXTS
SISE,00:00.0,A,B18,BECA18-ADM DE NEGOCIOS,ADNEGB18,B18,B18
SISE,00:00.0,A,B18BA,BECA18-ADM BANCARIA,B18-ADMBA,B18,B18
SISE,00:00.0,A,B18CO,BECA18-CONTABILIDAD,B18-CONTA,B18,B18
SISE,00:00.0,A,B18DI,BECA18-DISEÑO GRAFICO PROF.,BECA18DIS,B18,B18
SISE,00:00.0,A,B18NI,BECA 18-ADM NEG INTERNACIONAL,BECA18 NNI,B18,B18
SISE,00:00.0,A,B18RE,BECA18-REDES Y SEGURIDAD,BECA18RED,B18,B18
SISE,00:00.0,A,B18SO,BECA18-SOFTWARE Y SISTEMAS,BECA18SOF,B18,B18
SISE,00:00.0,A,BALEA,BASIC LEVEL INTENSIVO,BASLEAVANZ,CIDS,CIDIO
SISE,00:00.0,A,BARPR,BARTENDER PROFESIONAL 2024,BARTEND24,VIRT,EXTS
SISE,00:00.0,A,BARTD,BARTENDER PROFESIONAL 2022,BARTENDER,VIRT,EXTS
SISE,00:00.0,A,BARTE,BARTENDER PROFESIONAL,BART PROF,EXTS,EXTS
SISE,00:00.0,A,BASLE,A BASIC LEVEL,A BASIC LE,CIDS,CIDIO
SISE,00:00.0,A,BOCOV,BODE. Y OTROS COMER. VARIADOS,BODCOVAR,VIRT,EXTS
SISE,00:00.0,A,CAFCI,CAJ FINA Y COMERCIAL INTENSIVO,CAFCI,VIRT,EXTS
SISE,00:00.0,A,CAFCP,CAJ FINA Y COMERC. PRESENCIAL,CAFCP,VIRT,EXTS
SISE,00:00.0,A,CAFCR,CAJ FINA Y COMERCIAL REGULAR,CAFCR,VIRT,EXTS
SISE,00:00.0,A,CAGEC,CAP. ASIST.TC.CAP. GST.EMP.COM,CATEGEMC,VIRT,EXTS
SISE,00:00.0,A,CAJBA,CAJERO BANCARIO,CAJ,EXTS,EXTS
SISE,00:00.0,A,CAJFI,CAJERO FINANCIERO Y COMERCIAL,CAJFINCOM,EXTS,EXTS
SISE,00:00.0,A,CATEV,CATERING PARA EVENTOS,CATEV,EXTS,EXTS
SISE,00:00.0,A,CATPB,CAPA. Y ASIST. TEC. PRD BODEGA,CAPATPRB,VIRT,EXTS
SISE,00:00.0,A,CATRV,CAP. Y ASIST. TEC. PROD RU.VRS,CATCPARV,VIRT,EXTS
SISE,00:00.0,A,CATVC,CAP. Y ASIST. TEC.P. VTA DE.CO,CATPVCVC,VIRT,EXTS
SISE,00:00.0,A,CCNA,CERTIFICACIÓN CCNA,CERT CCNNA,EXTS,EXTS
SISE,00:00.0,A,CCOFP,CRE. DE CO. Y FOT. CON CEL.(P),CCOFP,VIRT,EXTS
SISE,00:00.0,A,CCOFV,CRE. DE CO. Y FOT. CON CEL.(V),CCOFV,VIRT,EXTS
SISE,00:00.0,A,CCRSV,CR. DE CON. PARA RED. SOC. (V),CCRESO(V),VIRT,EXTS
SISE,00:00.0,A,CENTR,CENA NAVIDEÑA TRADICIONAL,CENA NAVID,VIRT,EXTS
SISE,00:00.0,A,CFCBP,CAJ. FINANC. COMER. BÁS. PRES.,CAFICOBP,VIRT,EXTS
SISE,00:00.0,A,CFCBV,CAJ. FINANC. COMER. BÁS. VIRT.,CAFICOBAVI,VIRT,EXTS
SISE,00:00.0,A,CFCEP,CAJ. FINANC. COMER. EXP. PRES.,CAFICOEXPR,VIRT,EXTS
SISE,00:00.0,A,CFCEV,CAJ. FINANC. COMER. EXP. VIRT.,CAFICOEXVI,VIRT,EXTS
SISE,00:00.0,A,CFCV4,CAJERO FINANCIERO COMERCIAL IN,CFCV4,EXTS,EXTS
SISE,00:00.0,A,CFCV6,CAJERO FINANCIERO COMERCIAL RE,CFCV6,EXTS,EXTS
SISE,00:00.0,A,CFSIP,CAJ. FIN. COM. SÚP. INT. PRES.,CFCSIPRES,VIRT,EXTS
SISE,00:00.0,A,CFSIV,CAJ. FIN. COM. SÚP. INT. VIRT.,CFCSIVIRT,VIRT,EXTS
SISE,00:00.0,A,CFYCP,CAJERO FINANCIERO Y COMERC.(P),CA.FI.CO.P,VIRT,EXTS
SISE,00:00.0,A,CFYCV,CAJERO FINANCIERO Y COMER.(V),CA.FI.CO.V,VIRT,EXTS
SISE,00:00.0,A,CHMRA,CHINO MANDARÍN REG AVANZADO,CHMRA,VIRT,EXTS
SISE,00:00.0,A,CHMRB,CHINO MANDARÍN REGULAR BÁSICO,CHMRB,VIRT,EXTS
SISE,00:00.0,A,CHMRI,CHINO MANDARÍN REG INTERMEDIO,CHMRI,VIRT,EXTS
SISE,00:00.0,A,CHOCL,CHOCOLATERÍA,CHOCL,EXTS,EXTS
SISE,00:00.0,A,CIBER,CIBERSEGURIDAD,CIBERSEGUR,PRGS,TCINF
SISE,00:00.0,A,CMPIL,CONST MARCA PERS E INSER LABOR,CMPIL,VIRT,EXTS
SISE,00:00.0,A,CMRPI,CHINO MAND REG PRE INTERMEDIO,CMRPI,VIRT,EXTS
SISE,00:00.0,A,COAPA,COCT. AVANZADA  PARA AFICIONAD,CO. AV. AF,VIRT,EXTS
SISE,00:00.0,A,COAPR,COCTELERÍA AVANZADA PRESENCIAL,COAPR,VIRT,EXTS
SISE,00:00.0,A,COC24,COCINA,COCINA,PRGS,HOYAC
SISE,00:00.0,A,COCAF,COCTELERÍA PARA AFICIONADOS,COCAF,VIRT,EXTS
SISE,00:00.0,A,COCIN,TECNICO EN COCINA,TEC. COC,EXTS,EXTS
SISE,00:00.0,A,COCJP,COCINA JAPONESA,COCJP,EXTS,EXTS
SISE,00:00.0,A,COCPA,COCINA PERUANA,COCINAPE,VIRT,EXTS
SISE,00:00.0,A,COCPR,COCTELERÍA PRESENCIAL,COC. PRES.,VIRT,EXTS
SISE,00:00.0,A,COCTB,COCTELERÍA BÁSICA,COCTEBAS,VIRT,EXTS
SISE,00:00.0,A,COESP,CONTAB. PARA NO ESPECIALISTAS,COESP,VIRT,EXTS
SISE,00:00.0,A,COINT,COCINA INTERNACIONAL,COINT,EXTS,EXTS
SISE,00:00.0,A,COMAN,COMMUNITY MANAGER,COM. MANAG,VIRT,EXTS
SISE,00:00.0,A,COMAU,COMUNICACION AUDIOVISUAL,COAU,PRGS,PUBLI
SISE,00:00.0,A,COMMA,COMMUNITY MANAGER,COMUNITYMA,EXTS,EXTS
SISE,00:00.0,A,CONDE,CONFECCIÓN DEPORTIVA,CONDEPOR,VIRT,EXTS
SISE,00:00.0,A,CONIA,CREA. DE. CONT. CON. INT. ART.,CRCONTIA,VIRT,EXTS
SISE,00:00.0,A,CONTA,CONTABILIDAD,CONTABILID,PRGS,BANCA
SISE,00:00.0,A,COPEP,COCINA PERUANA PRESENCIAL,CO.PE. PR.,VIRT,EXTS
SISE,00:00.0,A,COPER,COCINA PERUANA,COPER,VIRT,EXTS
SISE,00:00.0,A,COSMI,COSMIATRÍA ESTÉTICA BÁSICA,COSMIATRÍA,EXTS,EXTS
SISE,00:00.0,A,CPAAD,CPEX-ASISTENCIA ADMINISTRATIVA,CPAAD,CPEX,GESTN
SISE,00:00.0,A,CPCIB,CPEX-CIBERSEGURIDAD,CPEX-CIB,CPEX,TCINF
SISE,00:00.0,A,CPCOA,CPEX-COMUNICACION AUDIOVISUAL,CPEX-COAU,CPEX,PUBLI
SISE,00:00.0,A,CPDCP,CREAC. DE PODCAST CERO PRES.,CRPOSCPRE,VIRT,EXTS
SISE,00:00.0,A,CPDG,CPEX-DISEÑO GRAFICO,CPEX-DISGR,CPEX,PUBLI
SISE,00:00.0,A,CPEAB,CPEX-ADM. BANCARIA Y FINANCIER,CPEX-ADM B,CPEX,BANCA
SISE,00:00.0,A,CPEAD,CPEX-ADM DE EMPRESASX,CPEX-ADM D,CPEX,GESTN
SISE,00:00.0,A,CPEAL,CPEX-GESTIÓN LOGÍSTICA,CPEX-ADM L,CPEX,GESTN
SISE,00:00.0,A,CPECO,CPEX-CONTABILIDAD,CPEX-CONTA,CPEX,BANCA
SISE,00:00.0,A,CPEMK,CPEX-MARKETING,CPEX-MARKE,CPEX,GESTN
SISE,00:00.0,A,CPENI,CPEX-ADM DE NEGOCIOS INTERN,CPEX-NEG I,CPEX,GESTN
SISE,00:00.0,A,CPGAD,CPEX GESTIÓN ADMINISTRATIVA,CPGAD,CPEX,GESTN
SISE,00:00.0,A,CPLOG,CPEX GESTION LOGISTICA,CPLOG,CPEX,GESTN
SISE,00:00.0,I,CPPEA,CPEX-PERIODISMO AUDIOVISUAL,CPEX-PEAU,CPEX,DISEC
SISE,00:00.0,A,CPPMD,CPEX PUBLI. Y MKT DIGITAL,CPPMD,CPEX,PUBLI
SISE,00:00.0,A,CPRYS,CPEX-ADM DE REDES Y COMUNICACI,CPEX-RYSI,CPEX,TCINF
SISE,00:00.0,A,CPSYS,CPEX-DES DE SISTEMAS DE INFOR,CPEX-SYS,CPEX,TCINF
SISE,00:00.0,A,CRCRS,CREAC. DE CONT. PARA RED. SOC.,CRCORESO,VIRT,EXTS
SISE,00:00.0,A,CREVI,CREACIÓN VIDEOJUEGOS KIDS SCT,CREVI,VIRT,EXTS
SISE,00:00.0,A,CREVT,CREACIÓN VIDEOJUEGOS TEENS UNT,CREVT,VIRT,EXTS
SISE,00:00.0,A,CRING,CREACIÓN IDEAS DE NEGOCIOS DTK,CRING,VIRT,EXTS
SISE,00:00.0,A,CTIEN,CREACION DE TIENDAS VIRTUALES,CREACION D,EXTS,EXTS
SISE,00:00.0,A,CUBLE,CUCHAREABLES,CUCHABLE,VIRT,EXTS
SISE,00:00.0,A,CULI,CURSOS LIBRES,CULI,VIRT,EXTS
SISE,00:00.0,A,CYVEN,COMERCIALIZACION Y VENTAS,COMYVENT,VIRT,EXTS
SISE,00:00.0,A,DARQD,ESP. EN DISEÑO ARQUIT. DIGITAL,DIS Y ARQ,EXTS,EXTS
SISE,00:00.0,A,DD18M,TEC. DISEÑO DIGITAL 18 MESES,TD 18M,EXTS,EXTS
SISE,00:00.0,A,DD6M,TEC. DISEÑO DIGITAL 6 MESES,TD 6ME,EXTS,EXTS
SISE,00:00.0,A,DDGPU,DIREC. DE DISE. GRÁF. PUBLICI.,DDGPUBLI,EEST,PUBLI
SISE,00:00.0,A,DESAD,DESPACHO ADUANERO,DESADUA,EXTS,EXTS
SISE,00:00.0,A,DG,DISEÑO GRAFICO PROFESIONAL,DG,PRGS,PUBLI
SISE,00:00.0,A,DG3M,DISEÑO GRÁFICO 3 MESES,DG3M,EXTS,EXTS
SISE,00:00.0,A,DGINT,DISEÑO GRAFICO SABATINO,TDG INT,EXTS,EXTS
SISE,00:00.0,A,DIAVM,DESAR E IMPL DE AULAS VIR MOOD,DIAVM,VIRT,EXTS
SISE,00:00.0,A,DIGCP,DISEÑO GRÁFICO CON CANVA (P),DIGCP,VIRT,EXTS
SISE,00:00.0,A,DIGCV,DISEÑO GRÁFICO CON CANVA (V),DIGCV,VIRT,EXTS
SISE,00:00.0,A,DIGRA,DISEÑO GRÁFICO REGULAR,DIGRA,VIRT,EXTS
SISE,00:00.0,A,DIGRP,DISEÑO GRÁFICO PRESENCIAL,DISGRAPRES,VIRT,EXTS
SISE,00:00.0,A,DIPCA,DIBUJO Y PINTURA + CARICATURA,DI Y PI+CA,VIRT,EXTS
SISE,00:00.0,A,DISGR,TEC. DISEÑO GRÁFICO,T DIS GRAF,EXTS,EXTS
SISE,00:00.0,A,DISIN,DISEÑO DE INTERIORES,DIS. INTER,PRGS,DISEN
SISE,00:00.0,A,DISUX,DISEÑO UX/UI,DISEUXUI,VIRT,EXTS
SISE,00:00.0,A,DISWE,DISEÑO WEB REGULAR,DISWE,VIRT,EXTS
SISE,00:00.0,A,DIWEP,DISEÑO WEB PRESENCIAL,DIS. WEB P,VIRT,EXTS
SISE,00:00.0,A,DM6M,TEC. DISEÑO MULTIMEDIA 6 MESES,TDM 6 M,EXTS,EXTS
SISE,00:00.0,A,DSATD,DISEÑO EN AUTOCAD,DSATD,VIRT,EXTS
SISE,00:00.0,A,DSATV,DISEÑO DE AUTOCAD VIRTUAL,DSATV,VIRT,EXTS
SISE,00:00.0,A,DVIRP,DISE. DE VIDEOJU. EN ROBLOX(P),DVIRP,VIRT,EXTS
SISE,00:00.0,A,DVIRV,DISE. DE VIDEOJU. EN ROBLOX(V),DVIRV,VIRT,EXTS
SISE,00:00.0,A,DW3M,DISEÑO WEB 3 MESES,DISEÑO WEB,EXTS,EXTS
SISE,00:00.0,A,DW6M,TEC. DISEÑO WEB 6 MESES,TDW 6M,EXTS,EXTS
SISE,00:00.0,A,DYGMO,DISEÑO DE MODAS,DISEÑO Y G,PRGS,DISEN
SISE,00:00.0,A,E COM,EEJEC-E COMMERCE,EEJEC-E CO,EEJE,EEJEC
SISE,00:00.0,A,E&CYB,ENS. Y REP. DE EQUIP. DE COMP.,ENS&CYBER,VIRT,EXTS
SISE,00:00.0,I,EAPCK,EXCEL AVANZADO PACK,EXCEL AVAN,VIRT,EXTS
SISE,00:00.0,I,EBPCK,EXCEL BÁSICO PACK,EBPCK,VIRT,EXTS
SISE,00:00.0,A,ECOME,E-COMMERCE,ECOME,VIRT,EXTS
SISE,00:00.0,A,EDICV,EDICION DE VIDEOS PARA PRINCIP,EDICION DE,EXTS,EXTS
SISE,00:00.0,A,EDIPV,EDIC Y POSTPRODUCCIÓN DE VIDEO,EDIPV,VIRT,EXTS
SISE,00:00.0,A,EEAIP,ESP. EXCEL AV. INTENS. PRES.,E. EX.AV.I,VIRT,EXTS
SISE,00:00.0,A,EEARP,ESP. EN EXC. AVA. REG. PRES.,E.E.A.R.P.,VIRT,EXTS
SISE,00:00.0,A,EEBIP,ESP. EN EXCEL BÁS. INTE. PRES.,E.E.B.I.P.,VIRT,EXTS
SISE,00:00.0,A,EEBRP,ESP. EN EXCEL BÁSICO REG. PRES,E.E.B.R.P.,VIRT,EXTS
SISE,00:00.0,A,EEIIP,ESP. EN EXCEL INTER. INTEN. PR,E.E.I.I.P.,VIRT,EXTS
SISE,00:00.0,A,EEIRP,ESP. EN EXCEL INTE. REGUL. PRE,E.E.I.R.P.,VIRT,EXTS
SISE,00:00.0,I,EIPCK,EXCEL INTERMEDIO PACK,EIPCK,VIRT,EXTS
SISE,00:00.0,A,EMMED,EMERG MED SOPORTE VITAL BASICO,EMSVB,EXTS,EXTS
SISE,00:00.0,A,EMPFA,EMPRENDIMIENTO EN FARMACIA,EMPFARM,EXTS,EXTS
SISE,00:00.0,A,ENCON,ENGLISH CONVERSATION,ENCONVES,VIRT,EXTS
SISE,00:00.0,A,ENFBA,ENFERMERIA BASICA,ENFBAS,EXTS,EXTS
SISE,00:00.0,A,ENFSE,ENF SERVIC HOSPITAL CRITICOS,ESHC,EXTS,EXTS
SISE,00:00.0,A,ENLIS,ENGLISH LISTENING,ENLISTEN,VIRT,EXTS
SISE,00:00.0,A,ENSAM,TEC. ENSAMBLAJE,ENSAMBLAJE,EXTS,EXTS
SISE,00:00.0,A,ENYRE,ENSAMBLAJE Y REP DE EQ. DE COM,ENSAMBLAJE,EXTS,EXTS
SISE,00:00.0,A,EOEIP,ESP. EN OFFI. 2020 EST. INT. P,ESOESINTP,VIRT,EXTS
SISE,00:00.0,A,EOERP,ESP. EN OFFI. 2020 EST. REG. P,ESOFFERP,VIRT,EXTS
SISE,00:00.0,A,EOFIA,ESP OFFICE INTENSIVO AVANZADO,EOFIA,VIRT,EXTS
SISE,00:00.0,A,EOFIE,ESP OFFICE INTENSIVO ESTÁNDAR,EOFIE,VIRT,EXTS
SISE,00:00.0,A,EOFRA,ESP OFFICE REGULAR AVANZADO,EOFRA,VIRT,EXTS
SISE,00:00.0,A,EOFRE,ESP OFFICE REGULAR ESTÁNDAR,EOFRE,VIRT,EXTS
SISE,00:00.0,A,EPPVP,EDIC. Y POSTPR. VIDEO PRES.,ED PP.VI P,VIRT,EXTS
SISE,00:00.0,A,EPV3M,EDICIÓN Y POSTPRODUCCIÓN DE VI,EPV3M,EXTS,EXTS
SISE,00:00.0,A,EPWBI,ESPECIALISTA EN POWER BI,EPWBI,VIRT,EXTS
SISE,00:00.0,A,ERQVI,ENS Y REPA EQUIP DE COMP INT,ERQVI,VIRT,EXTS
SISE,00:00.0,A,ERQVR,ENS Y REPA EQUIP DE COMP REG,ERQVR,VIRT,EXTS
SISE,00:00.0,I,ESADN,ADM. Y DIR. NEG. - ADM. EMPR.,ADNEADEM,PRGS,GESTN
SISE,00:00.0,A,ESAGT,SEC. EJECUTIVO TECNICO,ESAG T,PRGS,SECRE
SISE,00:00.0,I,ESCOM,ESPECIALISTA EN COSMIATRIA,ESCOM,VIRT,EXTS
SISE,00:00.0,I,ESDDG,DI. DIS. GR. PU.-DIS. GRÁF.,DDGRPBDG,PRGS,DISEC
SISE,00:00.0,A,ESEXC,ESPECIALISTA EN EXCEL,ESEXC,EXTS,EXTS
SISE,00:00.0,I,ESGDF,GES. Y DIR. FIN. - AD. BAN. FI,GESTADMI,PRGS,BANCA
SISE,00:00.0,A,ESOIA,ESP. OFFICE INTENSIVO AVANZADO,ESOIA,EXTS,EXTS
SISE,00:00.0,A,ESP.E,ESP. EN EXCEL,ESP. EN EX,EXTS,EXTS
SISE,00:00.0,A,ESPEX,ESPECIALISTA EN EXCEL (FINAN ),ESPEX,EXTS,EXTS
SISE,00:00.0,A,ESPI,ESPECIALISTA EN EXCEL INTENSIV,ESPI,VIRT,EXTS
SISE,00:00.0,A,ESPIB,ESP EXCEL INTENSIVO BÁSICO,ESPIB,VIRT,EXTS
SISE,00:00.0,A,ESPII,ESP EXCEL INTENSIVO INTERMEDIO,ESPII,VIRT,EXTS
SISE,00:00.0,A,ESPIV,ESP EXCEL INTENSIVO AVANZADO,ESPIV,VIRT,EXTS
SISE,00:00.0,A,ESPOI,ESPECIALISTA OFFICE INTENSIVO,ESPOI,EXTS,EXTS
SISE,00:00.0,A,ESPR,ESPECIALISTA EN EXCEL REGULAR,ESPR,VIRT,EXTS
SISE,00:00.0,A,ESPRA,ESP EXCEL REGULAR AVANZANDO,ESPRA,VIRT,EXTS
SISE,00:00.0,A,ESPRB,ESP EXCEL REGULAR BÁSICO,ESPRB,VIRT,EXTS
SISE,00:00.0,A,ESPRI,ESP EXCEL REGULAR INTERMEDIO,ESPRI,VIRT,EXTS
SISE,00:00.0,A,ESPRP,ESPECIALISTA EN EXCEL PRESENCI,ESPEXCPRES,VIRT,EXTS
SISE,00:00.0,A,ETIGP,ÉTICA E INTEG. EN LA GES. PÚB.,ETIGESPU,VIRT,EXTS
SISE,00:00.0,A,ETIPR,ETIQUETA Y PROTOC. EMPRESARIAL,ETIQ PROT,EXTS,EXTS
SISE,00:00.0,A,ETIPR,ETIQUETA Y PROTOC. EMPRESARIAL,ETIQ PROT,EXTS,EXTS
SISE,00:00.0,A,EXBID,EXCEL &POWER B. ANÁLISIS DATOS,EXCPBIDA,VIRT,EXTS
SISE,00:00.0,A,EXC20,ESPECIALISTA EN MICROSOFT EXCE,ESPECIALIS,EXTS,EXTS
SISE,00:00.0,A,EXCAC,EXPERTO EN CAJA & ATENCIÓN COM,EXPCACOM,VIRT,EXTS
SISE,00:00.0,A,EXCEL,ESP. EN EXCEL INTENSIVO,EXCEL INT,EXTS,EXTS
SISE,00:00.0,A,EXCEL,ESP. EN EXCEL INTENSIVO,EXCEL INT,EXTS,EXTS
SISE,00:00.0,A,EYREC,ENS Y REP DE EQ. DE COMP INTS,EYREC,VIRT,EXTS
SISE,00:00.0,A,EYREP,ENS. Y REP. DE EQ DE COMP PRES,EYREP,VIRT,EXTS
SISE,00:00.0,A,EYRER,ENS Y REP DE EQ DE COMP REG,EYRER,VIRT,EXTS
SISE,00:00.0,A,EYREV,ENS. Y REP. DE EQ DE COMP VIRT,EYREV,VIRT,EXTS
SISE,00:00.0,A,FARTE,Farmacia Técnica,FARTE,PRGS,SALUD
SISE,00:00.0,A,FICGB,FORM. INIC. COCT. Y GEST. BAR.,FICEGDBR,VIRT,EXTS
SISE,00:00.0,A,FIESP,FINANZAS PARA NO ESPECIALISTAS,FIESP,VIRT,EXTS
SISE,00:00.0,A,FIPAF,FISIOTER. EN PARALISIS FACIAL,FI.PA.FAC,VIRT,EXTS
SISE,00:00.0,A,FISIO,FISIOTERAPIA Y REHABILITACION,FISIOTERAP,PRGS,SALUD
SISE,00:00.0,A,FOPRO,FOTOGRAFÍA PROFESIONAL,FOT PROF,VIRT,EXTS
SISE,00:00.0,A,FRA1,FRANCES REGULAR AVANZADO C1,FRA1,VIRT,EXTS
SISE,00:00.0,A,FRB1,FRANCES REGULAR BÁSICO A1,FRB1,VIRT,EXTS
SISE,00:00.0,A,FRB2,FRANCES REGULAR BÁSICO A2,FRB2,VIRT,EXTS
SISE,00:00.0,A,FRI1,FRANCES REGULAR INTERMEDIO B1,FRI1,VIRT,EXTS
SISE,00:00.0,A,FRI2,FRANCES REGULAR INTERMEDIO B2,FRI2,VIRT,EXTS
SISE,00:00.0,A,FRIA1,FRANCES INTENSIVO AVANZADO C1,FRIA1,VIRT,EXTS
SISE,00:00.0,A,FRIB1,FRANCES INTENSIVO BÁSICO A1,FRIB1,VIRT,EXTS
SISE,00:00.0,A,FRIB2,FRANCES INTENSIVO BÁSICO A2,FRIB2,VIRT,EXTS
SISE,00:00.0,A,FRII1,FRANCES INTENSIVO INTERMED B1,FRII1,VIRT,EXTS
SISE,00:00.0,A,FRII2,FRANCES INTENSIVO INTERMED B2,FRII2,VIRT,EXTS
SISE,00:00.0,A,FRSIP,FOT. DIG. RED. SOC. INT. PRES.,FDRSIPRE,VIRT,EXTS
SISE,00:00.0,A,FRSRP,FO. DI. RED. SOC. REG. PRES.,FDRSRPRES.,VIRT,EXTS
SISE,00:00.0,A,GASTR,GASTRONOMIA,GASTRONOMI,PRGS,HOYAC
SISE,00:00.0,A,GCOCI,T. DE GEST. DE LA COM. EF.,GCOEFCIU,VIRT,EXTS
SISE,00:00.0,A,GCYC,GESTOR DE CRÉDITOS Y COBRANZAS,GCYC,VIRT,EXTS
SISE,00:00.0,A,GDIFI,GESTIÓN Y DIRECCIÓN FINANCIERA,GEDIRFIN,EEST,GESTN
SISE,00:00.0,A,GEADM,Gestión Administrativa,GEADM,PRGS,GESTN
SISE,00:00.0,A,GEATL,GESTION Y ATENCION DE CLIENTES,GESATCLI,VIRT,EXTS
SISE,00:00.0,A,GECIB,GESTIÓN DE CIBERSEGURIDAD,GES. CIBER,VIRT,EXTS
SISE,00:00.0,A,GEHUM,Gestión Humana,GEHUM,CPEX,GESTN
SISE,00:00.0,I,GEPYM,GESTIÓN DE PYMES,GEST. PYM.,VIRT,EXTS
SISE,00:00.0,A,GESPM,GESTIÓN DE PYMES,GESPM,VIRT,EXTS
SISE,00:00.0,A,GESPU,GEST. DE TES.EN EL SECT. PUBLI,GESTESPU,VIRT,EXTS
SISE,00:00.0,A,GESTC,ASIST DE GEST COMERCIAL Y VENT,ASISTGETCO,EXTS,EXTS
SISE,00:00.0,A,GETIA,GEST. TRIBUT. CON INTEL. ARTIF,GETRIINART,VIRT,EXTS
SISE,00:00.0,A,GLOGI,Gestión Logística,GLOGI,PRGS,GESTN
SISE,00:00.0,A,GOADS,GOOGLE ADS,GOOGLE ADS,VIRT,EXTS
SISE,00:00.0,A,GPEIA,GEST. PÚB. CON ENF. EN LA INTE,GPCEINAR,VIRT,EXTS
SISE,00:00.0,A,GREST,GESTION DE RESTAURANTES,GES. REST.,EXTS,EXTS
SISE,00:00.0,A,GRHH,GESTIÓN DE RECUERSOS HUMANOS,GESTRHH,PRGS,GESTN
SISE,00:00.0,A,GSPRO,REINVENTA TU NEGOCIO APL SCRUM,GSPRO,VIRT,EXTS
SISE,00:00.0,A,GSRES,GESTIÓN DE REDES SOCIALES,GSRES,VIRT,EXTS
SISE,00:00.0,A,GSTRN,Gastronomía,GSTRN2024,PRGS,PRGS
SISE,00:00.0,A,GSTRO,GASTROMI,GASTROMI,VIRT,EXTS
SISE,00:00.0,A,GTDIG,GEST. EN PROYEC. EN TRANS. DIG,GESTTDIG,VIRT,EXTS
SISE,00:00.0,I,GTTIA,GEST. TRIBUT. Y TECNOL. DE IA,GETTIA,VIRT,EXTS
SISE,00:00.0,I,GYGCU,GASTRONOMÍA DCB 2024,GASTR2024,PRGS,PRGS
SISE,00:00.0,A,GYGEC,GASTRON. Y GESTIÓN CULINARIA,GASYGECU,PRGS,HOYAC
SISE,00:00.0,A,HETEC,HERRAMIENTAS TECNOLÓGICAS,HER. TECN.,VIRT,EXTS
SISE,00:00.0,A,IAADP,IA PARA ADOLESCENTE (P),IAADP,VIRT,EXTS
SISE,00:00.0,A,IAADV,IA PARA ADOLESCENTE (V),IAADV,VIRT,EXTS
SISE,00:00.0,A,IAEMP,INTELIG. ARTI. P.EMPRENDEDORES,IAEMPREN,VIRT,EXTS
SISE,00:00.0,A,IANEG,INT. ARTIFI. APLI. A LOS. NEG.,IAAPLNEG,VIRT,EXTS
SISE,00:00.0,A,IAPNE,INTELIG. ARTIF. PARA LOS NEG.,INARPNEG,VIRT,EXTS
SISE,00:00.0,I,ICISE,INGENIERÍA DE CIBERSEGURIDAD,INGCISE,PRGS,TCINF
SISE,00:00.0,A,ICNA,INSTRUCTOR CISCO NETWORK ACADE,ICNA,EXTS,EXTS
SISE,00:00.0,A,IDIES,INTROD. AL DISEÑO DE ESPACIOS,INTDISESPA,VIRT,EXTS
SISE,00:00.0,A,IIACP,ING. INTENSIVO AVANZ. CAR. (P),ININAVCAP,VIRT,EXTS
SISE,00:00.0,A,IIBCP,INGLES INTENSIVO BAS. CAR. (P),ININBACAP,VIRT,EXTS
SISE,00:00.0,A,IIICP,ING. INTENS. INTERM. CAR (P),INININCAP,VIRT,EXTS
SISE,00:00.0,A,IIISP,ING. INTEN. INTER. SUP. PRES.,INININSUPR,VIRT,EXTS
SISE,00:00.0,A,IISCP,ING. REG. INTER. SUP. CA (P),INREINSUCP,VIRT,EXTS
SISE,00:00.0,A,IMYAH,IMPLEMENTACIÓN Y ADM HOTELES,IMYAH,VIRT,EXTS
SISE,00:00.0,A,IN-EJ,INGLES-EJERCITO,ING-EJERC,VIRT,EXTS
SISE,00:00.0,A,INBBA,INGLES BECA BÁSICO,INGBEBASIC,VIRT,EXTS
SISE,00:00.0,A,INBIN,INGLÉS BECA INTERMEDIO,INBEINTER,VIRT,EXTS
SISE,00:00.0,A,INBOL,INVERSIÓN EN BOLSA,INV. EN BO,VIRT,EXTS
SISE,00:00.0,A,INBSI,INGLES BASICO SUPER INTENSIVO,INBSI,VIRT,EXTS
SISE,00:00.0,A,INGAV,INGLES AVANZADO,ING AVA,CIDS,CIDIO
SISE,00:00.0,A,INGBA,INGLES BASICO,ING BAS,CIDS,CIDIO
SISE,00:00.0,A,INGCA,INGLES PARA CARRERAS,INGLESCARR,CIDS,CIDIO
SISE,00:00.0,A,INGEJ,INLES BASICO EJERCITO,INBAEJTO,VIRT,EXTS
SISE,00:00.0,A,INGIN,INGLES INTERMEDIO,ING INT,CIDS,CIDIO
SISE,00:00.0,A,INGRE,INGLES REGULAR -2018,INGLREG18,CIDS,CIDIO
SISE,00:00.0,A,INGSA,INGLES SABATINO AVANZADO,ING SAB AV,CIDS,CIDIO
SISE,00:00.0,A,INGSB,INGLES SABATINO BASICO,ING SAB BA,CIDS,CIDIO
SISE,00:00.0,A,INGSI,INGLES SABATINO INTERMEDIO,ING SAB IN,CIDS,CIDIO
SISE,00:00.0,A,INGTS,INGLÉS INTERMEDIO PARA TITS,INGTS,VIRT,EXTS
SISE,00:00.0,A,INIAD,INGLES INTENSIVO AVANZADO,INIAD,VIRT,EXTS
SISE,00:00.0,A,INIAP,INGLES INTENSIVO AVANZADO PRE,IN.IN.AV P,VIRT,EXTS
SISE,00:00.0,A,INIBP,INGLES INTENSIVO BASICO PRES.,IN.IN.BA.P,VIRT,EXTS
SISE,00:00.0,A,INICA,ING INTENSIVO CARRERA AVANZADO,INICA,VIRT,EXTS
SISE,00:00.0,A,INICE,INGL. INTENSIVO CARRERA BÁSICO,INICE,VIRT,EXTS
SISE,00:00.0,A,INICH,ING INT. CAR. INTERM. SUPERIOR,INICH,VIRT,EXTS
SISE,00:00.0,A,INICI,ING INTEN. CARRERA INTERMEDIO,INICI,VIRT,EXTS
SISE,00:00.0,A,INIEL,INGLES INTENSIVO BÁSICO,INIEL,VIRT,EXTS
SISE,00:00.0,A,INIHI,INGLES INT INTERMEDIO SUPERIOR,INIHI,VIRT,EXTS
SISE,00:00.0,A,INIIN,INGLES INTENSIVO INTERMEDIO,INIIN,VIRT,EXTS
SISE,00:00.0,A,INIIP,ING. INTENSIVO INTERMEDIO PRE.,INININPR.,VIRT,EXTS
SISE,00:00.0,A,INJB,INGLES JUNIOR BEGGINER,INJB,VIRT,EXTS
SISE,00:00.0,A,INJBA,INGLES JUNIOR BRAINY,INJBA,VIRT,EXTS
SISE,00:00.0,A,INJG,INGLES JUNIOR GENIUS,INJG,VIRT,EXTS
SISE,00:00.0,A,INJR,INGLES JUNIOR ROOKIE,INJR,VIRT,EXTS
SISE,00:00.0,A,INJRS,INGLES JUNIORS,INGJUNRS,VIRT,EXTS
SISE,00:00.0,A,INJS,INGLES JUNIOR SKILLED,INJS,VIRT,EXTS
SISE,00:00.0,A,INJT,INGLES JUNIOR TALENTED,INJT,VIRT,EXTS
SISE,00:00.0,A,INLEV,INTERMEDIATE LEVEL INTENSIVO,INTERLEVEL,CIDS,CIDIO
SISE,00:00.0,A,INNOV,EEJEC-INNOVACION Y DESIGN T,EEJEC-INNO,EEJE,EEJEC
SISE,00:00.0,A,INRAD,INGLES REGULAR AVANZADO,INRAD,VIRT,EXTS
SISE,00:00.0,A,INRAP,INGLES REGULAR AVANZADO PRES.,IN.RE.AV.P,VIRT,EXTS
SISE,00:00.0,A,INRBP,INGLES REGULAR BÁSICO PRES.,IN.RE.BA.P,VIRT,EXTS
SISE,00:00.0,A,INRCA,ING. REGULAR CARRERA AVANZADO,INRCA,VIRT,EXTS
SISE,00:00.0,A,INRCE,INGLES REGULAR CARRERA BÁSICO,INRCE,VIRT,EXTS
SISE,00:00.0,A,INRCH,ING. REG CAR INTERM. SUPERIOR,INRCH,VIRT,EXTS
SISE,00:00.0,A,INRCI,INGLES REG CARRERA INTERMEDIO,INRCI,VIRT,EXTS
SISE,00:00.0,A,INREL,INGLES REGULAR BÁSICO,INGLES,VIRT,EXTS
SISE,00:00.0,A,INRHI,INGLES REG INTERMEDIO SUPERIOR,INRHI,VIRT,EXTS
SISE,00:00.0,A,INRIN,INGLES REGULAR INTERMEDIO,INRIN,VIRT,EXTS
SISE,00:00.0,A,INRIP,INGL. REGULAR INTERMEDIO PRES.,IN.RE.IN.P,VIRT,EXTS
SISE,00:00.0,A,INSCP,ING. INT. INTER. SU. CA (P),INININSCP,VIRT,EXTS
SISE,00:00.0,A,INTAC,LA INTEL. ARTIF. EN LAS COMUNI,INTARCOM,VIRT,EXTS
SISE,00:00.0,A,INTIT,INGLES INTENSIVO TITULACION,INTITULACI,CIDS,CIDIO
SISE,00:00.0,A,INTLE,B INTERMEDIATE LEVEL,A INT LEVE,CIDS,CIDIO
SISE,00:00.0,I,INTRE,INGLES JUNIOR ELEMENTARY,INTRE,VIRT,EXTS
SISE,00:00.0,I,INTRI,INGLES JUNIOR INTERMEDIATE,INTRI,VIRT,EXTS
SISE,00:00.0,I,INTRU,INGLES JUNIOR UPPER INTERMEDIA,INTRU,VIRT,EXTS
SISE,00:00.0,A,INYCT,INYECTOTERAPIA,INYCT,EXTS,EXTS
SISE,00:00.0,A,INYEC,INYECTABLES,INYECTAB,VIRT,EXTS
SISE,00:00.0,A,INYET,INYECTOTERAPIA,INYECTOTE,VIRT,EXTS
SISE,00:00.0,A,IRACP,INGLES REG. AVANZADO CAR. (P),INREAVCAP,VIRT,EXTS
SISE,00:00.0,A,IRBCP,INGLES REG. BAS. CARRERA (P),I.RE.B.C.P,VIRT,EXTS
SISE,00:00.0,A,IRICP,ING. REG. INTERMEDIO CAR. (P),INREINCAP,VIRT,EXTS
SISE,00:00.0,A,IRISP,ING. REGUL. INTERM. SUP. PRE.,IN.R.I.S.P,VIRT,EXTS
SISE,00:00.0,A,ITAR1,ITALIANO REGULAR AVANZADO C1,ITARC1,VIRT,EXTS
SISE,00:00.0,A,ITBI1,ITALIANO INTENSIVO BÁSICO,ITBIA1,VIRT,EXTS
SISE,00:00.0,I,ITBI2,ITALIANO INTENSIVO BÁSICO A2,ITBIA2,VIRT,EXTS
SISE,00:00.0,A,ITBR1,ITALIANO REGULAR BÁSICO A1,ITBRA1,VIRT,EXTS
SISE,00:00.0,A,ITBR2,ITALIANO REGULAR BÁSICO A2,ITBRA2,VIRT,EXTS
SISE,00:00.0,A,ITIA1,ITALIANO INTENSIVO AVANZADO C1,ITIA1,VIRT,EXTS
SISE,00:00.0,A,ITIA2,ITALIANO INT AVANZADO C1 NVL 5,ITIA2,VIRT,EXTS
SISE,00:00.0,A,ITII1,ITALIANO INTENSIVO INTERMEDIO,ITIIB1,VIRT,EXTS
SISE,00:00.0,I,ITII2,ITALIANO INTENSIVO INTERMED B2,ITII2,VIRT,EXTS
SISE,00:00.0,A,ITIR1,ITALIANO REGULAR INTERMEDIO B1,ITIR1,VIRT,EXTS
SISE,00:00.0,A,ITIR2,ITALIANO REGULAR INTERMEDIO B2,ITIRB2,VIRT,EXTS
SISE,00:00.0,A,JBYPF,"JUGOS, BEB. Y PRODUCT. FRIOS",JUBEPROF,VIRT,EXTS
SISE,00:00.0,A,LBSCP,LIB. BZR. SHW.EVNT.CTG.Y.PIÑAT,LIBASHCP,VIRT,EXTS
SISE,00:00.0,A,LCOM,LOCUCIÓN COMERCIAL,LOCCOM,EXTS,EXTS
SISE,00:00.0,A,LETNG,LETTERING,LETTERING,VIRT,EXTS
SISE,00:00.0,A,LSEPE,LENGUA DE SEÑAS PERUANA,LENSEÑPER,VIRT,EXTS
SISE,00:00.0,A,LSEPP,LENGUA DE SEÑAS PERUANA PRES.,LENSEPEP,VIRT,EXTS
SISE,00:00.0,A,LSPPV,LENGUA DE SEÑAS PERUANA VIRTUA,LE.SE.PE.V,VIRT,EXTS
SISE,00:00.0,A,MACON,MANEJO DE CONFLICTOS,MAN. CONF.,VIRT,EXTS
SISE,00:00.0,A,MAMOD,MARCA DE MODA,MARC. MODA,VIRT,EXTS
SISE,00:00.0,A,MARKT,MARKETING,MARKETING,PRGS,GESTN
SISE,00:00.0,A,MASAB,MANIP. SEGURA DE ALIM.  Y BEBI,MASEALBE,VIRT,EXTS
SISE,00:00.0,A,MASOT,MASOTERAPIA,MASOTERAPI,EXTS,EXTS
SISE,00:00.0,A,MCCAP,MAN. DE. CRIS. CONDU.Y.AGI.PSC,MACCAPSI,VIRT,EXTS
SISE,00:00.0,A,MCYCE,MANT. DE COM. Y CABLEA. ESTRU.,MACOCAES,VIRT,EXTS
SISE,00:00.0,A,MET A,EEJEC-METODOLOGIAS AGILES,EEJEC-METO,EEJE,EEJEC
SISE,00:00.0,A,MKD3M,MARKETING DIGITAL 3M,MKD3M,VIRT,EXTS
SISE,00:00.0,A,MKDIA,MARKETING.DIGT.Y CREA.CONTE.IA,MKTDICIA,VIRT,EXTS
SISE,00:00.0,A,MKTDG,MARKETING DIGITAL,MKTDG,VIRT,EXTS
SISE,00:00.0,A,MRCRM,ESP EN MARK RELACIONAL CRM,EMRCRM,VIRT,EXTS
SISE,00:00.0,A,NSDDP,NUT. SALUD. DIET. Y DEPORTIVA,NSDYDPRE,VIRT,EXTS
SISE,00:00.0,A,NUTSA,NUTRICIÓN SALUDABLE,NUTRISAL,VIRT,EXTS
SISE,00:00.0,A,OADCE,OPER. DE ADUAN. Y COM. EXTER.,OP.AD.C.E.,VIRT,EXTS
SISE,00:00.0,A,OAV16,ESPECIALISTA EN OFFICE 2016 AV,ESPECIALIS,EXTS,EXTS
SISE,00:00.0,A,OFAV3,OFFICE AVANZADO 3 MESES,OFFAVA 3M,EXTS,EXTS
SISE,00:00.0,A,OFAVI,OFFICE AVANZADO INTENSIVO,OFFAVA,EXTS,EXTS
SISE,00:00.0,A,OFES3,OFFICE ESTANDAR 3 MESES,OFF 3M,EXTS,EXTS
SISE,00:00.0,A,OFESI,OFFICE ESTANDAR INTENSIVO,OFF INT,EXTS,EXTS
SISE,00:00.0,A,OFF16,ESPECIALISTA EN OFFICE 2016,ESPECIALIS,EXTS,EXTS
SISE,00:00.0,A,OFFGE,OFFICE DE GESTION,OFF GEST.,EXTS,EXTS
SISE,00:00.0,A,OFFIN,OFFICE INTERMEDIO,OFFINTER,VIRT,EXTS
SISE,00:00.0,A,OFIAV,OFIMÁTICA INTERMEDIO-AVANZADO,OFINTAVA,VIRT,EXTS
SISE,00:00.0,A,PA,PERIODISMO AUDIOVISUAL,PER AUDIO,PRGS,PUBLI
SISE,00:00.0,A,PA-EJ,PERIODISMO-EJERCITO,PA-EJE,PREJ,DISEC
SISE,00:00.0,A,PAINP,PATRONAJE INDUSTRIAL PRESENC.,PAINDPRES,VIRT,EXTS
SISE,00:00.0,I,PAMKT,MARKETING,PAMKT,PRGS,GESTN
SISE,00:00.0,A,PANAD,PANADERIA,PANAD,VIRT,EXTS
SISE,00:00.0,A,PANAV,PANADERÍA (V),PANADERÍA,VIRT,EXTS
SISE,00:00.0,A,PANDE,PANADERÍA,PANADERA,VIRT,EXTS
SISE,00:00.0,I,PANDR,PANADERÍA,PANDR,EXTS,EXTS
SISE,00:00.0,A,PASTL,PASTELERÍA,PASTL,VIRT,EXTS
SISE,00:00.0,A,PASTP,PASTELERÍA PRESENCIAL,PAST. PRES,VIRT,EXTS
SISE,00:00.0,A,PAYCO,PATRONAJE Y CONFECCIÓN,PATRYCONF,VIRT,EXTS
SISE,00:00.0,I,PBPCK,POWER BI PACK,PBPCK,VIRT,EXTS
SISE,00:00.0,A,PDEBO,PROG PARA EL DESA BODEGAS,DES BODEG,EXTS,EXTS
SISE,00:00.0,A,PEFEC,PRESENTACIONES EFECTIVAS,PRESEFEC,VIRT,EXTS
SISE,00:00.0,A,PEMAR,PESCADOS Y MARISCOS,PEMAR,VIRT,EXTS
SISE,00:00.0,A,PESMA,PESCADOS Y MARISCOS,PESCAMAR,VIRT,EXTS
SISE,00:00.0,A,PESPV,PROGRAMA DE ESP EN VENTAS,PESPV,VIRT,EXTS
SISE,00:00.0,A,PEYMP,PESCADOS Y MARISCOS PRESENCIAL,PE. MA. PR,VIRT,EXTS
SISE,00:00.0,A,PICI,PICI-PROG INTEG DE COMPUTACIÓN,PICI,EXTS,EXTS
SISE,00:00.0,A,PIGMG,PRO. INT. DE GES. MU. Y GO. L.,PIGMGLOL,VIRT,EXTS
SISE,00:00.0,A,PLERA,PLAN DE LECTURA RÁPIDA,PL. LE. RA,VIRT,EXTS
SISE,00:00.0,A,PNDRA,PANADERÍA (P),PANADERÍA,VIRT,EXTS
SISE,00:00.0,A,PODOL,PODOLOGIA,PODOLOGIA,EXTS,EXTS
SISE,00:00.0,A,POFRI,POSTRES FRIOS,POSTFRIOS,VIRT,EXTS
SISE,00:00.0,A,POIA1,PORTUGUES INTENSIVO AVANZAD C1,POIA1,VIRT,EXTS
SISE,00:00.0,A,POIB1,PORTUGUES INTENSIVO BÁSICO A1,POIB1,VIRT,EXTS
SISE,00:00.0,A,POIB2,PORTUGUES INTENSIVO BÁSICO A2,POIB2,VIRT,EXTS
SISE,00:00.0,A,POII1,PORTUGUES INTENSIVO INTERME B1,POII1,VIRT,EXTS
SISE,00:00.0,A,POII2,PORTUGUES INTENSIVO INTERME B2,POII1,VIRT,EXTS
SISE,00:00.0,A,PORA1,PORTUGUES REGULAR AVANZADO C1,PORA1,VIRT,EXTS
SISE,00:00.0,A,PORB1,PORTUGUES REGULAR BÁSICO A1,PORB1,VIRT,EXTS
SISE,00:00.0,A,PORB2,PORTUGUES REGULAR BÁSICO A2,PORB2,VIRT,EXTS
SISE,00:00.0,A,PORI1,PORTUGUES REGULAR INTERMED B1,PORI1,VIRT,EXTS
SISE,00:00.0,A,PORI2,PORTUGUES REGULAR INTERMED B2,PORI2,VIRT,EXTS
SISE,00:00.0,A,PPGYS,"PANA, PASTE, GOLO Y SNACKS",PANPGOSN,VIRT,EXTS
SISE,00:00.0,I,PPMKT,MARKETING - PROV.,MRKTPROV,PRGS,GESTN
SISE,00:00.0,A,PPOST,PRODUCE TU PODCAST,PRODPDST,VIRT,EXTS
SISE,00:00.0,I,PPSCA,"PORT. DE PROD., SERV. Y CANAL.",PPSCA,VIRT,EXTS
SISE,00:00.0,A,PRAUP,PRIMEROS AUXILIOS PRESENCIAL,PRI. AUX.P,VIRT,EXTS
SISE,00:00.0,A,PRAUX,PRIMEROS AUXILIOS,PRAUX,VIRT,EXTS
SISE,00:00.0,A,PRCOB,PROGR. EN COCT. CREA. OP.BARES,POCTBARS,VIRT,EXTS
SISE,00:00.0,A,PRDCE,PROGRAMACIÓN DESDE CERO,PRO. CERO,VIRT,EXTS
SISE,00:00.0,A,PREGC,ING REG. CARRERA PRINCIPIANTE,PREGC,VIRT,EXTS
SISE,00:00.0,A,PREIN,INGLES INTENSIVO PRINCIPIANTE,PREIN,VIRT,EXTS
SISE,00:00.0,A,PRERE,INGLES REGULAR PRINCIPIANTE,PRERE,VIRT,EXTS
SISE,00:00.0,A,PRGIN,PROGRAMA DE INGLES,PROG ING,CIDS,CIDIO
SISE,00:00.0,A,PRIC3,ING INT CARR PRINCIPIANTE C3,PRIC3,VIRT,EXTS
SISE,00:00.0,A,PRIN3,ING INT PRINCIPIANTE CICLO 3,PRIN3,VIRT,EXTS
SISE,00:00.0,A,PRINC,ING INTENS. CARR. PRINCIPIANTE,PRINC,VIRT,EXTS
SISE,00:00.0,A,PRIND,PRODUCCIÓN INDUSTRIAL,PRODINDRUS,PRGS,GESTN
SISE,00:00.0,I,PRISD,PREV. DE RIES. Y SEGU. DIGIT.,PRISD,VIRT,EXTS
SISE,00:00.0,A,PROJU,PROGRAMA JUNIOR,PROGRAMA J,CIDS,CIDIO
SISE,00:00.0,A,PRPYT,PROGRAMACIÓN EN PYTHON,PRO. EN PY,VIRT,EXTS
SISE,00:00.0,A,PRTEE,PROGRAMA TEENS,PROGRAMA T,CIDS,CIDIO
SISE,00:00.0,A,PSARS,PROTOCOLOS SEG ALIME RYS C-19,PSARS,VIRT,EXTS
SISE,00:00.0,A,PSTLR,PASTELERIA PRESENCIAL,PSTLR,VIRT,EXTS
SISE,00:00.0,A,PUMD,PUBLICIDAD Y MARKETING DIGITAL,PUBYMARKDI,PRGS,PUBLI
SISE,00:00.0,A,PVULN,PRUEBAS DE VULNERABILIDAD,PRVULNER,VIRT,EXTS
SISE,00:00.0,I,PYCDV,PATRON. Y CONFECCIÓN DE VEST.,PAYCOVES,VIRT,EXTS
SISE,00:00.0,A,PYCRM,PAT. Y CONF. DE ROPA PARA MASC,PACOROMAS,VIRT,EXTS
SISE,00:00.0,A,QURA,QUECHUA REGULAR AVANZADO,QURA,VIRT,EXTS
SISE,00:00.0,A,QURB,QUECHUA REGULAR BÁSICO,QURB,VIRT,EXTS
SISE,00:00.0,A,QURI,QUECHUA REGULAR INTERMEDIO,QURI,VIRT,EXTS
SISE,00:00.0,A,RCYT,MANT Y REPAR DE CEL Y TABL INT,REPCELYTAB,VIRT,EXTS
SISE,00:00.0,A,RCYTR,MANT Y REPAR DE CEL Y TABL REG,MYRCREG,VIRT,EXTS
SISE,00:00.0,A,RE-EJ,REDES Y CONECTIVIDAD-EJERCITO,REDE-EJE,PREJ,TCINF
SISE,00:00.0,A,REDES,ADM DE REDES Y COMUNICACIONES,REDES Y SI,PRGS,TCINF
SISE,00:00.0,A,REHUM,RECURSOS HUMANOS,REC. HUM.,VIRT,EXTS
SISE,00:00.0,A,RELIB,REPARACIÓN DE LINEA BLANCA,REPLIBLAN,VIRT,EXTS
SISE,00:00.0,A,RTRAP,REPOSTERÍA TRADICIONAL PERUANA,RTRAP,VIRT,EXTS
SISE,00:00.0,A,SALUD,ENFERMERIA TECNICA,ENFERTECN,PRGS,SALUD
SISE,00:00.0,A,SECRE,SEC. EJECUTIVO PROFESIONAL,SECRET,PRGS,GESTN
SISE,00:00.0,A,SEPRR,Seguridad y Prevención de Ries,SEPRR,CPEX,GESTN
SISE,00:00.0,A,SESAL,SEGURIDAD Y SALUD,SEG. SALUD,VIRT,EXTS
SISE,00:00.0,A,SHWSW,SOL. DE HARDWARE Y SOFTWARE,HW Y SW,EXTS,EXTS
SISE,00:00.0,A,SHWSW,SOL. DE HARDWARE Y SOFTWARE,HW Y SW,EXTS,EXTS
SISE,00:00.0,A,SO-EJ,SOFTWARE Y SISTEMA-EJERCITO,SOFT-EJE,PREJ,TCINF
SISE,00:00.0,A,SOCME,EEJEC-SOCIAL MEDIA Y REDES SOC,EEJEC-SOCI,EEJE,EEJEC
SISE,00:00.0,A,SOFCO,SOFTWARE CONTABLE CONCAR,SOFTWARE C,EXTS,EXTS
SISE,00:00.0,A,SSTMA,PROC. SEG. SAL. TR.Y MED. AMB.,PSSTMYA,PRGS,GESTN
SISE,00:00.0,A,SUFPR,TIT SUFICIENCIA PROFESIONAL,SUFPR,TITS,TITUL
SISE,00:00.0,A,SWSIS,DES DE SISTEMAS DE INFORMACION,SW Y SIS,PRGS,TCINF
SISE,00:00.0,A,TADBF,TITUL.  ADM BANCARIA Y FINAN.,TADBF,TITS,BANCA
SISE,00:00.0,A,TADSM,TALLER DE SALUD MENTAL (ACPC),TADSM,VIRT,EXTS
SISE,00:00.0,A,TAHBL,TALLER DE HABILIDADES BLANDAS,TALHABLA,VIRT,EXTS
SISE,00:00.0,I,TCOCI,TÉCNICO EN COCINA DCB 2022,COCIN2022,PRGS,GOURM
SISE,00:00.0,A,TCONT,TITUL.  CONTABILIDAD,TCONT,TITS,BANCA
SISE,00:00.0,A,TDM24,TIT. DE DISEÑO DE MODAS 2024,TDISMOD24,TITS,TIDIM
SISE,00:00.0,A,TECFA,TECNICA EN FARMACIA,TECFARMAC,PRGS,SALUD
SISE,00:00.0,A,TELEO,TELEOPERADORA,TELEOPER,EXTS,EXTS
SISE,00:00.0,A,TELEO,TELEOPERADORA,TELEOPER,EXTS,EXTS
SISE,00:00.0,A,TEN24,TIT. ENFERMERÍA TÉCNICA 2024,TITENFER24,TITS,TSALD
SISE,00:00.0,A,TGAST,TITUL. GASTRONOMIA,TGAST,TITS,TGAST
SISE,00:00.0,A,THR24,TIT. ADM. HOTEL. Y RES. 2024,TAHYR24,TITS,TIAHR
SISE,00:00.0,A,TIADM,TITUL. ADM DE NEGOCIOS,TITUL. ADM,TITS,GESTN
SISE,00:00.0,A,TIAHR,TIT ADM. HOTELES Y RESTAUTANT.,TITAHR,TITS,TIAHR
SISE,00:00.0,A,TICOM,TITUL. COMUNICACIONES,TIT. COAU,TITS,DISEC
SISE,00:00.0,A,TIDIS,TITUL. DISEÑO GRAFICO,TIT. DG,TITS,DISEC
SISE,00:00.0,A,TIDOC,TITULACIÓN DOCENTE,TITDOCENTE,TITS,TIDOC
SISE,00:00.0,A,TIGSL,TITUL. GESTIÓN LOGÍSTICA,TIGSL,TITS,GESTN
SISE,00:00.0,A,TIMKT,TITUL. MARKETING,TIT. MKT,TITS,GESTN
SISE,00:00.0,A,TINNI,TITUL. ADM DE NEGOCIOS INTER.,TIT. NNI,TITS,GESTN
SISE,00:00.0,A,TIPER,TITUL. PERIODISMO,TIT.PEAU,TITS,DISEC
SISE,00:00.0,A,TIRED,TITUL. REDES Y CONECTIVIDAD,TIT. RED,TITS,TCINF
SISE,00:00.0,A,TITAD,TIT ADMINISTRACIÓN Y DIRECCIÓN,TITAD,TITS,GESTN
SISE,00:00.0,A,TITCI,TIT CIBERSEGURIDAD,TITCI,TITS,TCINF
SISE,00:00.0,A,TITDG,TIT DIREC.DISEÑO.GRAFIC.PUBLIC,TITDG,TITS,PUBLI
SISE,00:00.0,A,TITDI,TIT DISEÑO DE INTERIORES,TITDI,TITS,DISEN
SISE,00:00.0,A,TITDM,TITULACIÓN DE DISEÑO DE MODAS,TITDISMOD,TITS,TIDIM
SISE,00:00.0,A,TITEN,TIT ENFERMERÍA TÉCNICA,TITEN,TITS,SALUD
SISE,00:00.0,A,TITFA,TIT FARMACIA,TITFA,TITS,SALUD
SISE,00:00.0,A,TITFI,TIT FISIOTERAPIA Y REHABILITAC,TITFI,TITS,SALUD
SISE,00:00.0,A,TITGF,TIT GESTIÓN Y DIRECCIÓN FINANC,TITGF,TITS,GESTN
SISE,00:00.0,A,TITPU,TIT PUBLICIDAD Y MARKETING DIG,TITPU,TITS,PUBLI
SISE,00:00.0,I,TMPOS,TRANS.Y MED. DE PAGO (POS),TMPOS,VIRT,EXTS
SISE,00:00.0,A,TPABA,TALLER.PRAC.DE.PASTL.BASI.APLI,TPASBAPL,VIRT,EXTS
SISE,00:00.0,A,TPCAP,TALLER PRACT. DE COCINA.APLICD,TPCAP,VIRT,EXTS
SISE,00:00.0,A,TREBA,TALLER DE REDACCIÓN BÁSICA,TA.RE.BA,VIRT,EXTS
SISE,00:00.0,I,TSDIF,T. DE SEG. DIN. Y DET. DE FAL.,TSDIF,VIRT,EXTS
SISE,00:00.0,A,TSECR,TITUL. SECRETARIADO,TSECR,TITS,SECRE
SISE,00:00.0,I,TSOBC,T. DE SIM. DE OP. BANC. Y COM.,TSOBC,VIRT,EXTS
SISE,00:00.0,A,TSOFT,TITUL. SOFTWARE Y SISTEMAS,TIT. SOFT,TITS,TCINF
SISE,00:00.0,I,VA-AF,VACUT-APRENDE FOTOGRAFIA Y RET,VAC-APREND,EXTS,EXTS
SISE,00:00.0,I,VA-AP,VACUT-APRENDE A PROG VIDEOJUEG,VA-APRENDE,EXTS,EXTS
SISE,00:00.0,I,VA-CO,VACUT-CONVIERTETE EN YOUTUBER,VACUT 2019,EXTS,EXTS
SISE,00:00.0,I,VA-CR,VACUT-CREACION DE VIDEOJUEGOS,VACUT-CREA,EXTS,EXTS
SISE,00:00.0,A,VA-DJ,VACUT-DISEÑO DE TABLETAS JUNIO,VACUT-DISE,EXTS,EXTS
SISE,00:00.0,I,VA-DS,VACUT-DISEÑO DE TABLETAS KIDS,VACUT-DISE,EXTS,EXTS
SISE,00:00.0,I,VA-FU,VACUT-FUTURO PATISIERE,VACUT-FUTU,EXTS,EXTS
SISE,00:00.0,I,VA-GA,VACUT-GASTRONOMIA PARA EL MUND,VACUT-GAST,EXTS,EXTS
SISE,00:00.0,I,VA-IJ,VACUT-INGLES JUNIOR,VACUT-INGL,EXTS,EXTS
SISE,00:00.0,A,VA-IK,VACUT-INGLES KIDS,VACUT-INGL,EXTS,EXTS
SISE,00:00.0,I,VA-MI,VACUT-MINICHEF,VACUT-MINI,EXTS,EXTS
SISE,00:00.0,A,VA-OJ,VACUT-OFFICE JUNIOR,VACUT-OFFI,EXTS,EXTS
SISE,00:00.0,I,VA-OK,VACUT-OFFICE KIDS,VACUT-OFFI,EXTS,EXTS
SISE,00:00.0,I,VA-OR,VACUT-TALLER DE ORATORIA JUNIR,VACUT-TALL,EXTS,EXTS
SISE,00:00.0,I,VA-TD,VACUT-TALLER DE DI Y PINT KIDS,VACUT-TALL,EXTS,EXTS
SISE,00:00.0,I,VA-TJ,VACUT-TALLER DE DI Y PINT JUN,VACUT-TALL,EXTS,EXTS
SISE,00:00.0,I,VA-TO,VACUT-TALLER DE ORATORIA KIDS,VACUT-TALL,EXTS,EXTS
SISE,00:00.0,I,VAC06,VACUT - MINI CHEF,VA-MI.CHEF,VIRT,EXTS
SISE,00:00.0,A,VACTT,VACUT-COVIÉRTETE EN TIK TOKER,VA-COTKTR,VIRT,EXTS
SISE,00:00.0,A,VACUT,VACACIONES UTILES,VACUT,VIRT,EXTS
SISE,00:00.0,A,VACVK,VA-CREAC. DE VIDEOJUEGOS KIDS,VACVK,VIRT,EXTS
SISE,00:00.0,A,VACVT,VA-CREAC. DE VIDEOJUEGOS TEENS,VA-CRVIJTE,VIRT,EXTS
SISE,00:00.0,A,VADMK,VACUT - DISEÑO DE MODAS KIDS,VA-DISMOK,VIRT,EXTS
SISE,00:00.0,A,VADMT,VACUT - DISEÑO DE MODAS TEENS,VA-DISMOT,VIRT,EXTS
SISE,00:00.0,A,VAMCH,VACUT - MINI CHEF,V-MINICHEF,VIRT,EXTS
SISE,00:00.0,A,VAMYA,VACUT - MANGA Y ANIME,VA-MANYANI,VIRT,EXTS
SISE,00:00.0,A,VAORA,VACUT - ORATORIA,VA-ORAT.,VIRT,EXTS
SISE,00:00.0,A,VILMO,VACUT-ILUSTRACIÓN DE LA MODA,VA-IL. MOD,VIRT,EXTS
SISE,00:00.0,A,VISIT,VISITADOR MÉDICO,VISITADOR,EXTS,EXTS
SISE,00:00.0,A,VLESE,VACUT - LENGUAJE DE SEÑAS,VA - LESEÑ,VIRT,EXTS
SISE,00:00.0,A,VLETE,VACUT-LETTERING TEENS,VA-LETT TE,VIRT,EXTS
SISE,00:00.0,A,VMP3D,VACUT-MODELADO DE PERS. 3D,V-MODPER3D,VIRT,EXTS
